<?xml version="1.0" encoding="utf-8" ?>
<objects xmlns="http://www.springframework.net">

    <description>
        The SpringAir object definitions for the middle (service) tier.
    </description>

    <!-- Production service definitions -->
    <object id="bookingAgent" type="SpringAir.Service.DefaultBookingAgent, SpringAir.Core">
        <description>
            The main service interface for the SpringAir application.
        </description>
        <constructor-arg name="airportDao" ref="airportDao" />
        <constructor-arg name="flightDao" ref="flightDao" />
    </object>

</objects>
